<?xml version="1.0"?>
<!DOCTYPE hibernate-mapping PUBLIC "-//Hibernate/Hibernate Mapping DTD 3.0//EN"
"http://hibernate.sourceforge.net/hibernate-mapping-3.0.dtd">
<!-- Generated 4 d?c. 2012 14:09:09 by Hibernate Tools 3.4.0.CR1 -->
<hibernate-mapping package="domain">

	<class name="Contact" table="CONTACT_TAB">
		<id name="id" type="long">
			<generator class="increment" />
		</id>
		
		 <property name="firstName" type="string" />
		 <property name="lastName" type="string" />
		 <property name="email" type="string" />
		<!-- 
		 <many-to-one name="add" class="Address" fetch="join" unique="true" not-null="true">
		 </many-to-one>
	-->
	</class>
<!-- 
    <class name="Contact" table="CONTACT_TAB">
        <id name="id" type="long">
            <column name="ID" />
            <generator class="increment" />
        </id>
        <property name="firstName" type="java.lang.String">
            <column name="FIRSTNAME" />
        </property>
        <property name="lastName" type="java.lang.String">
            <column name="LASTNAME" />
        </property>
        <property name="email" type="java.lang.String">
            <column name="EMAIL" />
        </property>
        <many-to-one name="add" class="Address" fetch="join" unique="true" not-null="true">
            <column name="ADD" />
        </many-to-one>
    </class>

 -->
 </hibernate-mapping>
